
{
	"modal" : [
	
		{"no":"1", "title":"조례동 가정식 백반", "comment":"상다리가 휘어질 정도로 먹고 싶으세요? " ,  "img": "img/portfolio/food5.JPG" , "content":"순천 조례동 가정식 백반으로 오세요! 최고의 한정식을 선사해드립니다. 맛이면 맛 가격이면 가격 어느 하나 빠짐이 없습니다."}, 
	    {"no":"2", "title":"조례동 꼬치구이", "comment":"순천의 자랑 조례동 꼬치 구이 " ,  "img": "img/portfolio/food6.jpg" , "content":"3인분을 드시면 소주 한병이 꽁짜!!, 순천의 많은 애주가들이 찾는 조례동 꼬치구이 강추!!!"},
	    {"no":"3", "title":"호텔 케슬", "comment":"순천의 대표 숙박시설, 호텔 케슬" ,  "img": "img/portfolio/hotel5.jpg" , "content":"최고의 서비스, 친절한 직원, 편안한 잠자리 제공! 순천의 대표 숙박시설 호텔 케슬을 추천 드립니다."},
	    {"no":"4", "title":"에코그라드 호텔", "comment":"최고의 시설을 자랑하는 에코 그라드호텔" ,  "img": "img/portfolio/hotel6.JPG" , "content":"광대역 Wifi, 각종 놀이시설 및 최첨단 시설등을 구비하고 있는 에코 그라드 호텔입니다. "},
	    {"no":"5", "title":"순천만", "comment":"대한민국의 1등 경치를 자랑하는 순천만" ,  "img": "img/portfolio/suncheon1.jpg" , "content":"연인과의 소중한추억, 가족들의 여행지, 친구들과의 추억 쌓기 등 못가본 사람은 있어도 한번 가본 사람은 없다는 순천의 절정!! 순천만"},
	    {"no":"6", "title":"순천만 정원", "comment":"자연이 살아 숨쉬는 순천만 정원" ,  "img": "img/portfolio/suncheon2.jpg" , "content":"가족들의 휴양시설로 안성 맞춤인, 순천만정원 입니다. 꼭 방문 하셔서 가족들과의 좋은 추억을 쌓으시고, 자연의 공기를 맡아 보세요!"}
	  ]  

}	





 