
{
	"img" : [
	
		{"no": "1","link":"img/portfolio/food5.JPG", "title":"조례동 가정식백반" , "content":"순천을 대표하는 조례동 가정신 백반"}, 
	    {"no": "2","link":"img/portfolio/food6.jpg", "title":"조례동 꼬치 구이" , "content":"고소하고 바삭바삭한 맛을 느껴보고 싶다면 조례동 꼬치구이"}, 
	    {"no": "3","link":"img/portfolio/hotel5.jpg", "title":"호텔케슬" , "content":"저렴한 가격에서 하루밤을 지낼수 있는 호텔 케슬 "}, 
		{"no": "4","link":"img/portfolio/hotel6.JPG", "title":"에코그라드 호텔", "content":"최첨단 시설, 광대역 WIFI, 문화시설등을 제공하는 에코그라드 호텔"},
		{"no": "5","link":"img/portfolio/suncheon1.jpg", "title":"순천만" , "content":"연인과의 추억을 쌓을수 있는 순천만 야경"},
		{"no": "6","link":"img/portfolio/suncheon2.jpg", "title":"순천만 정원" , "content":"자연이 살아 숨쉬는 순천만 정원"}
	  ]  

}	
