
{
	"modal" : [
	
		{"no":"1", "title":"후쿠오카 함박 스테이크", "comment":"수원의 맛집 후쿠오카 함박 스테이크!" ,  "img": "img/portfolio/food3.jpg" , "content":" 돼지고기나 쇠고기, 혹은 두 종류를 함께 갈은 후 뭉쳐서 만든 스테이크이다. 프리카델레르의 일종이다. 스테이크 중에서 가장 많이 익히는 스테이크이며, 대한민국과 일본에서는 일본식 발음인 함박 스테이크(ハンバーグ)라고 부르기도 한다. 떡갈비와 비슷하다. 영국에서는 솔즈베리 스테이크(Salisbury steak)라고도 부른다."}, 
	    {"no":"2", "title":"에슐리", "comment":"다양한 체인점을 보유한 에슐리" ,  "img": "img/portfolio/food4.PNG" , "content":"애슐리는 이랜드그룹의 계열사 이랜드파크에서 운영하는 패밀리 레스토랑이다."},
	    {"no":"3", "title":"에코그라드 호텔", "comment":"최고의 숙박시설을 함유한 에코그라드 호텔" ,  "img": "img/portfolio/hotel3.JPG" , "content":"오사카 메리어트 미야코 호텔(일본어: 大阪マリオット都ホテル, 영어: Osaka Marriott Miyako Hotel)은 일본 오사카 부 오사카 시 아베노 구에 있는 호텔로, 아베노하루카스에 입주해 있다."},
	    {"no":"4", "title":"노보텔 호텔", "comment":"역사와 전통을 자랑하는 노보텔 호텔" ,  "img": "img/portfolio/hotel4.jpg" , "content":"노보텔(Novotel)은 프랑스에 본사를 둔 아코르 호텔 그룹의 호텔 체인이다."},
	    {"no":"5", "title":"수원 화성 안내도", "comment":"화성을 한눈에 볼 수 있는 안내도" ,  "img": "img/portfolio/suwon1.jpg" , "content":"수원 화성을 방문한다면 화성의 안내도를 보고 수원화성의 역사와 전통을 확인한 뒤 민족 고유의 멋을 느껴 보세요"},
	    {"no":"6", "title":"수원 화성", "comment":"세계 문화 유산 화성" ,  "img": "img/portfolio/suwon2.jpg" , "content":"화성(華城)은 경기도 수원시 팔달구와 장안구에 걸쳐 있는 길이 5.52킬로미터의 성곽이다. 1963년 사적 3호로 지정되었으며, 1997년 유네스코 세계문화유산으로 등록되었다. 수원 화성은 한국 성의 구성 요소인 옹성, 성문, 암문, 산대, 체성, 치성, 적대, 포대, 봉수대 등을 모두 갖추어 한국 성곽 건축 기술을 집대성했다고 평가된다."}
	  ]  

}	




