
{
	"video" : [
	
		{"link":"https://www.youtube.com/embed/noxNcyK8Vo0", "title":"수원 화성" , "content":"세계문화 유산 수원 화성을 동영상으로 확인해 보세요"}, 
	    {"link":"https://www.youtube.com/embed/_csn3t42i9g", "title":"수원 정복" , "content":"예쁜 청춘들이 소개해주는 수원 화성등 수원의 모든것을 알고 싶으면 클릭"}, 
	    {"link":"https://www.youtube.com/embed/rhJqQKjgFe0", "title":"수원 여행지" , "content":"1분안에 바라보는 수원의 모든것 "}, 
		{"link":"https://www.youtube.com/embed/1PyL4lKBj5k", "title":"수원 관광 바이블" , "content":"과거와 현대가 공존하는 도시 수원의 모든것을 살펴 보세요"}
	  ]  

}	

