
{
	"img" : [
	
		{"no": "1","link":"img/portfolio/food3.jpg", "title":"후쿠오카 함박 스테이크" , "content":"수원의 맛집 후쿠오카 함박 스테이크"}, 
	    {"no": "2","link":"img/portfolio/food4.PNG", "title":"에슐리" , "content":"어린아이부터 어른들까지 모든 입맛을 사로잡는 에슐리"}, 
	    {"no": "3","link":"img/portfolio/hotel3.JPG", "title":"에코그라드 호텔" , "content":"최고의 서비스를 자랑하는 수원의 에코그라드 호텔"}, 
		{"no": "4","link":"img/portfolio/hotel4.jpg", "title":"노보텔 호텔" , "content":"저렴한 가격과 오랜 전통을 자랑하는 노보텔 호텔"},
		{"no": "5","link":"img/portfolio/suwon1.jpg", "title":"수원 화성 안내도" , "content":"화성의 구조시설과 설명을 나타내고 있는 안내도"},
		{"no": "6","link":"img/portfolio/suwon2.jpg", "title":"유네스코 세계문화 유산 화성" , "content":"수원을 대표하는 문화재 수원 화성"}
	  ]  

}	
