
{
	"video" : [
	
		{"link":"https://www.youtube.com/embed/_1jk57ruxoU", "title":"강남 소개" , "content":"강남에 대한 전반적인 소개"}, 
	    {"link":"https://www.youtube.com/embed/4XvcSYlJiv4", "title":"강남 여행" , "content":"젊은 청춘들의 강남 여행기"}, 
	    {"link":"https://www.youtube.com/embed/ZVPv7XDsQN4", "title":"강남 맛집 탐방" , "content":"젊은이들의 입맛을 사로 잡을 강남역의 맛집 탐방 온통 빨간 음식점"}, 
		{"link":"https://www.youtube.com/embed/PQKFTAlQ8Bk", "title":"강남 호러 레스토랑" , "content":"강남에 마녀가 떴다?? 이색적인 분위기의 레스토랑"}
	  ]  

}	





 