
{
	"img" : [
	
		{"no": "1","link":"img/portfolio/food1.JPG", "title":"사진1" , "content":"F네"}, 
	    {"no": "2","link":"img/portfolio/food2.jpg", "title":"사진2" , "content":"SWEQ"}, 
	    {"no": "3","link":"img/portfolio/hotel1.jpg", "title":"사진3" , "content":"SD"}, 
		{"no": "4","link":"img/portfolio/hotel2.jpg", "title":"사진4" , "content":"123"},
		{"no": "5","link":"img/portfolio/gangnam1.jpg", "title":"사진5" , "content":"ㅍㄴㅇㄹ"},
		{"no": "6","link":"img/portfolio/gangnam2.jpg", "title":"사진6" , "content":"1ㅍㄴㅍ"}
	  ]  

}	
