
{
	"img" : [
	
		{"no": "1","link":"img/portfolio/food3.jpg", "title":"사진1" , "content":"F네"}, 
	    {"no": "2","link":"img/portfolio/food4.PNG", "title":"사진2" , "content":"SWEQ"}, 
	    {"no": "3","link":"img/portfolio/hotel3.JPG", "title":"사진3" , "content":"SD"}, 
		{"no": "4","link":"img/portfolio/hotel4.jpg", "title":"사진4" , "content":"123"},
		{"no": "5","link":"img/portfolio/suwon1.jpg", "title":"사진5" , "content":"ㅍㄴㅇㄹ"},
		{"no": "6","link":"img/portfolio/suwon2.jpg", "title":"사진6" , "content":"1ㅍㄴㅍ"}
	  ]  

}	
